{"cameraMode":{"drawMode":0,"name":"Shaded","section":"Shading Mode"},"sceneLighting":false,"audioPlay":false,"sceneViewState":{"m_AlwaysRefresh":false,"showFog":true,"showSkybox":false,"showFlares":true,"showImageEffects":true,"showParticleSystems":true,"showVisualEffectGraphs":true,"m_FxEnabled":true},"in2DMode":false,"pivot":{"x":-0.006336234975606203,"y":1.2561148405075074,"z":-0.1968889832496643},"rotation":{"x":-0.09761867672204972,"y":-0.02714010328054428,"z":0.002658857498317957,"w":-0.9948627948760986},"size":1.320906639099121,"orthographic":false}