{"cameraMode":{"drawMode":0,"name":"Shaded","section":"Shading Mode"},"sceneLighting":false,"audioPlay":false,"sceneViewState":{"m_AlwaysRefresh":false,"showFog":true,"showSkybox":false,"showFlares":true,"showImageEffects":true,"showParticleSystems":true,"showVisualEffectGraphs":true,"m_FxEnabled":true},"in2DMode":false,"pivot":{"x":-0.6393314003944397,"y":1.0065863132476807,"z":0.5352031588554382},"rotation":{"x":0.007190207485109568,"y":-0.00927275512367487,"z":-0.00007348781946348026,"w":-0.9999434947967529},"size":2.567445755004883,"orthographic":false}