{"cameraMode":{"drawMode":0,"name":"Shaded","section":"Shading Mode"},"sceneLighting":false,"audioPlay":false,"sceneViewState":{"m_AlwaysRefresh":false,"showFog":true,"showSkybox":false,"showFlares":true,"showImageEffects":true,"showParticleSystems":true,"showVisualEffectGraphs":true,"m_FxEnabled":true},"in2DMode":false,"pivot":{"x":0.000002086162567138672,"y":1.0672707557678223,"z":0.11773937940597534},"rotation":{"x":-0.2700687050819397,"y":-0.5784233808517456,"z":0.2110026329755783,"w":-0.7402647733688355},"size":1.585230827331543,"orthographic":false}