{"cameraMode":{"drawMode":0,"name":"Shaded","section":"Shading Mode"},"sceneLighting":true,"audioPlay":false,"sceneViewState":{"m_AlwaysRefresh":false,"showFog":true,"showSkybox":true,"showFlares":true,"showImageEffects":true,"showParticleSystems":true,"showVisualEffectGraphs":true,"m_FxEnabled":true},"in2DMode":false,"pivot":{"x":10.978805541992188,"y":2.3240137100219728,"z":-0.6640395522117615},"rotation":{"x":0.09006267786026001,"y":-0.622127890586853,"z":0.0723971500992775,"w":0.7743626832962036},"size":0.5393774509429932,"orthographic":false}