{"cameraMode":{"drawMode":0,"name":"Shaded","section":"Shading Mode"},"sceneLighting":true,"audioPlay":false,"sceneViewState":{"m_AlwaysRefresh":false,"showFog":true,"showSkybox":true,"showFlares":true,"showImageEffects":true,"showParticleSystems":true,"showVisualEffectGraphs":true,"m_FxEnabled":true},"in2DMode":false,"pivot":{"x":0.7026987075805664,"y":0.7637873888015747,"z":-3.6814990043640138},"rotation":{"x":-0.03237006068229675,"y":-0.7888842821121216,"z":0.04169502481818199,"w":-0.6122859716415405},"size":5.621439456939697,"orthographic":false}